index,INVC_CONT
32000,5.0
32001,5.0
32002,4.0
32003,5.0
32004,4.0
32005,6.0
32006,4.0
32007,4.0
32008,5.0
32009,5.0
32010,5.0
32011,4.0
32012,4.0
32013,5.0
32014,5.0
32015,4.0
32016,4.0
32017,4.0
32018,4.0
32019,4.0
32020,4.0
32021,4.0
32022,4.0
32023,4.0
32024,4.0
32025,4.0
32026,4.0
32027,4.0
32028,4.0
32029,4.0
32030,5.0
32031,5.0
32032,4.0
32033,4.0
32034,4.0
32035,5.0
32036,4.0
32037,4.0
32038,4.0
32039,5.0
32040,5.0
32041,4.0
32042,4.0
32043,4.0
32044,5.0
32045,4.0
32046,4.0
32047,4.0
32048,4.0
32049,4.0
32050,5.0
32051,4.0
32052,5.0
32053,4.0
32054,4.0
32055,4.0
32056,5.0
32057,5.0
32058,5.0
32059,5.0
32060,4.0
32061,4.0
32062,5.0
32063,5.0
32064,5.0
32065,4.0
32066,5.0
32067,5.0
32068,5.0
32069,5.0
32070,6.0
32071,5.0
32072,6.0
32073,4.0
32074,5.0
32075,5.0
32076,4.0
32077,4.0
32078,5.0
32079,4.0
32080,4.0
32081,5.0
32082,5.0
32083,5.0
32084,5.0
32085,5.0
32086,5.0
32087,4.0
32088,4.0
32089,4.0
32090,4.0
32091,4.0
32092,4.0
32093,5.0
32094,5.0
32095,4.0
32096,4.0
32097,6.0
32098,4.0
32099,4.0
32100,5.0
32101,5.0
32102,5.0
32103,5.0
32104,5.0
32105,5.0
32106,4.0
32107,4.0
32108,4.0
32109,4.0
32110,6.0
32111,5.0
32112,5.0
32113,9.0
32114,6.0
32115,6.0
32116,6.0
32117,6.0
32118,4.0
32119,5.0
32120,5.0
32121,5.0
32122,5.0
32123,6.0
32124,6.0
32125,6.0
32126,6.0
32127,5.0
32128,6.0
32129,6.0
32130,6.0
32131,5.0
32132,5.0
32133,5.0
32134,5.0
32135,4.0
32136,5.0
32137,5.0
32138,5.0
32139,5.0
32140,5.0
32141,4.0
32142,5.0
32143,6.0
32144,5.0
32145,5.0
32146,5.0
32147,5.0
32148,6.0
32149,6.0
32150,5.0
32151,5.0
32152,9.0
32153,5.0
32154,5.0
32155,5.0
32156,5.0
32157,5.0
32158,5.0
32159,5.0
32160,5.0
32161,5.0
32162,5.0
32163,5.0
32164,5.0
32165,5.0
32166,5.0
32167,6.0
32168,6.0
32169,5.0
32170,6.0
32171,6.0
32172,5.0
32173,6.0
32174,6.0
32175,5.0
32176,5.0
32177,5.0
32178,6.0
32179,7.0
32180,7.0
32181,7.0
32182,6.0
32183,6.0
32184,6.0
32185,4.0
32186,4.0
32187,4.0
32188,4.0
32189,4.0
32190,4.0
32191,4.0
32192,4.0
32193,4.0
32194,4.0
32195,4.0
32196,4.0
32197,4.0
32198,4.0
32199,4.0
32200,4.0
32201,4.0
32202,4.0
32203,4.0
32204,4.0
32205,4.0
32206,4.0
32207,4.0
32208,4.0
32209,4.0
32210,4.0
32211,4.0
32212,4.0
32213,4.0
32214,4.0
32215,4.0
32216,4.0
32217,4.0
32218,4.0
32219,4.0
32220,4.0
32221,4.0
32222,4.0
32223,4.0
32224,4.0
32225,4.0
32226,4.0
32227,4.0
32228,4.0
32229,4.0
32230,4.0
32231,4.0
32232,4.0
32233,4.0
32234,4.0
32235,4.0
32236,4.0
32237,4.0
32238,4.0
32239,4.0
32240,6.0
32241,6.0
32242,6.0
32243,6.0
32244,4.0
32245,4.0
32246,4.0
32247,6.0
32248,4.0
32249,6.0
32250,6.0
32251,4.0
32252,6.0
32253,6.0
32254,6.0
32255,4.0
32256,4.0
32257,4.0
32258,4.0
32259,6.0
32260,6.0
32261,6.0
32262,4.0
32263,4.0
32264,4.0
32265,4.0
32266,4.0
32267,6.0
32268,6.0
32269,4.0
32270,6.0
32271,6.0
32272,7.0
32273,6.0
32274,5.0
32275,4.0
32276,5.0
32277,4.0
32278,5.0
32279,4.0
32280,5.0
32281,4.0
32282,5.0
32283,4.0
32284,4.0
32285,4.0
32286,6.0
32287,4.0
32288,4.0
32289,5.0
32290,6.0
32291,6.0
32292,5.0
32293,8.0
32294,5.0
32295,4.0
32296,4.0
32297,4.0
32298,5.0
32299,4.0
32300,4.0
32301,6.0
32302,5.0
32303,4.0
32304,5.0
32305,4.0
32306,5.0
32307,5.0
32308,6.0
32309,5.0
32310,6.0
32311,5.0
32312,4.0
32313,5.0
32314,5.0
32315,5.0
32316,5.0
32317,4.0
32318,4.0
32319,4.0
32320,5.0
32321,4.0
32322,4.0
32323,4.0
32324,4.0
32325,4.0
32326,4.0
32327,4.0
32328,4.0
32329,4.0
32330,4.0
32331,4.0
32332,4.0
32333,4.0
32334,4.0
32335,4.0
32336,4.0
32337,4.0
32338,4.0
32339,6.0
32340,5.0
32341,5.0
32342,5.0
32343,4.0
32344,4.0
32345,5.0
32346,4.0
32347,4.0
32348,5.0
32349,4.0
32350,4.0
32351,5.0
32352,4.0
32353,5.0
32354,4.0
32355,4.0
32356,4.0
32357,4.0
32358,4.0
32359,4.0
32360,4.0
32361,4.0
32362,4.0
32363,4.0
32364,4.0
32365,4.0
32366,5.0
32367,4.0
32368,5.0
32369,4.0
32370,4.0
32371,4.0
32372,4.0
32373,4.0
32374,4.0
32375,5.0
32376,4.0
32377,4.0
32378,5.0
32379,5.0
32380,4.0
32381,4.0
32382,5.0
32383,4.0
32384,5.0
32385,4.0
32386,5.0
32387,5.0
32388,5.0
32389,5.0
32390,4.0
32391,4.0
32392,4.0
32393,4.0
32394,5.0
32395,4.0
32396,4.0
32397,4.0
32398,4.0
32399,4.0
32400,4.0
32401,5.0
32402,4.0
32403,5.0
32404,5.0
32405,5.0
32406,5.0
32407,5.0
32408,5.0
32409,4.0
32410,5.0
32411,4.0
32412,5.0
32413,5.0
32414,5.0
32415,5.0
32416,4.0
32417,4.0
32418,5.0
32419,5.0
32420,5.0
32421,4.0
32422,5.0
32423,5.0
32424,5.0
32425,5.0
32426,5.0
32427,6.0
32428,6.0
32429,5.0
32430,4.0
32431,6.0
32432,6.0
32433,6.0
32434,5.0
32435,5.0
32436,4.0
32437,4.0
32438,4.0
32439,6.0
32440,5.0
32441,5.0
32442,5.0
32443,4.0
32444,6.0
32445,6.0
32446,5.0
32447,5.0
32448,10.0
32449,5.0
32450,4.0
32451,5.0
32452,5.0
32453,10.0
32454,10.0
32455,5.0
32456,5.0
32457,5.0
32458,6.0
32459,5.0
32460,5.0
32461,5.0
32462,5.0
32463,5.0
32464,5.0
32465,5.0
32466,5.0
32467,5.0
32468,6.0
32469,5.0
32470,5.0
32471,6.0
32472,4.0
32473,6.0
32474,6.0
32475,5.0
32476,6.0
32477,5.0
32478,8.0
32479,7.0
32480,5.0
32481,6.0
32482,6.0
32483,5.0
32484,6.0
32485,6.0
32486,4.0
32487,4.0
32488,4.0
32489,4.0
32490,4.0
32491,4.0
32492,4.0
32493,4.0
32494,4.0
32495,4.0
32496,4.0
32497,4.0
32498,4.0
32499,4.0
32500,4.0
32501,4.0
32502,4.0
32503,4.0
32504,4.0
32505,4.0
32506,4.0
32507,4.0
32508,4.0
32509,4.0
32510,4.0
32511,4.0
32512,4.0
32513,4.0
32514,4.0
32515,4.0
32516,4.0
32517,4.0
32518,4.0
32519,4.0
32520,4.0
32521,4.0
32522,4.0
32523,4.0
32524,4.0
32525,4.0
32526,10.0
32527,6.0
32528,4.0
32529,4.0
32530,4.0
32531,4.0
32532,4.0
32533,4.0
32534,4.0
32535,4.0
32536,4.0
32537,4.0
32538,4.0
32539,4.0
32540,4.0
32541,4.0
32542,4.0
32543,4.0
32544,4.0
32545,4.0
32546,4.0
32547,4.0
32548,4.0
32549,4.0
32550,4.0
32551,4.0
32552,4.0
32553,4.0
32554,4.0
32555,6.0
32556,4.0
32557,4.0
32558,5.0
32559,4.0
32560,4.0
32561,6.0
32562,5.0
32563,4.0
32564,4.0
32565,4.0
32566,6.0
32567,4.0
32568,4.0
32569,4.0
32570,6.0
32571,4.0
32572,6.0
32573,6.0
32574,6.0
32575,6.0
32576,4.0
32577,4.0
32578,5.0
32579,4.0
32580,5.0
32581,4.0
32582,4.0
32583,4.0
32584,4.0
32585,4.0
32586,4.0
32587,7.0
32588,5.0
32589,4.0
32590,4.0
32591,19.0
32592,5.0
32593,5.0
32594,8.0
32595,4.0
32596,4.0
32597,4.0
32598,4.0
32599,4.0
32600,4.0
32601,6.0
32602,4.0
32603,5.0
32604,4.0
32605,5.0
32606,5.0
32607,5.0
32608,7.0
32609,5.0
32610,5.0
32611,5.0
32612,4.0
32613,4.0
32614,5.0
32615,4.0
32616,4.0
32617,5.0
32618,4.0
32619,4.0
32620,4.0
32621,4.0
32622,4.0
32623,6.0
32624,4.0
32625,5.0
32626,4.0
32627,4.0
32628,4.0
32629,4.0
32630,4.0
32631,4.0
32632,4.0
32633,4.0
32634,4.0
32635,4.0
32636,4.0
32637,4.0
32638,5.0
32639,4.0
32640,4.0
32641,4.0
32642,4.0
32643,4.0
32644,5.0
32645,5.0
32646,4.0
32647,5.0
32648,5.0
32649,4.0
32650,5.0
32651,5.0
32652,5.0
32653,4.0
32654,4.0
32655,4.0
32656,4.0
32657,4.0
32658,4.0
32659,4.0
32660,4.0
32661,4.0
32662,4.0
32663,4.0
32664,4.0
32665,5.0
32666,4.0
32667,5.0
32668,5.0
32669,5.0
32670,5.0
32671,4.0
32672,5.0
32673,5.0
32674,5.0
32675,4.0
32676,4.0
32677,5.0
32678,4.0
32679,5.0
32680,4.0
32681,5.0
32682,4.0
32683,5.0
32684,5.0
32685,4.0
32686,4.0
32687,5.0
32688,5.0
32689,5.0
32690,6.0
32691,4.0
32692,4.0
32693,4.0
32694,4.0
32695,5.0
32696,5.0
32697,6.0
32698,6.0
32699,4.0
32700,4.0
32701,5.0
32702,4.0
32703,5.0
32704,4.0
32705,4.0
32706,5.0
32707,5.0
32708,5.0
32709,4.0
32710,4.0
32711,4.0
32712,5.0
32713,8.0
32714,4.0
32715,5.0
32716,5.0
32717,5.0
32718,5.0
32719,4.0
32720,6.0
32721,5.0
32722,5.0
32723,5.0
32724,6.0
32725,5.0
32726,5.0
32727,5.0
32728,5.0
32729,6.0
32730,6.0
32731,10.0
32732,10.0
32733,5.0
32734,10.0
32735,10.0
32736,5.0
32737,5.0
32738,5.0
32739,5.0
32740,5.0
32741,5.0
32742,5.0
32743,5.0
32744,5.0
32745,5.0
32746,5.0
32747,5.0
32748,5.0
32749,5.0
32750,5.0
32751,6.0
32752,5.0
32753,5.0
32754,5.0
32755,5.0
32756,5.0
32757,6.0
32758,6.0
32759,8.0
32760,8.0
32761,7.0
32762,7.0
32763,7.0
32764,19.0
32765,6.0
32766,5.0
32767,6.0
32768,4.0
32769,4.0
32770,4.0
32771,4.0
32772,4.0
32773,4.0
32774,4.0
32775,4.0
32776,4.0
32777,4.0
32778,4.0
32779,4.0
32780,4.0
32781,4.0
32782,4.0
32783,4.0
32784,4.0
32785,4.0
32786,4.0
32787,4.0
32788,4.0
32789,4.0
32790,5.0
32791,4.0
32792,4.0
32793,4.0
32794,4.0
32795,4.0
32796,4.0
32797,4.0
32798,4.0
32799,4.0
32800,4.0
32801,4.0
32802,4.0
32803,4.0
32804,4.0
32805,4.0
32806,4.0
32807,4.0
32808,4.0
32809,4.0
32810,4.0
32811,4.0
32812,4.0
32813,4.0
32814,4.0
32815,4.0
32816,6.0
32817,4.0
32818,4.0
32819,4.0
32820,4.0
32821,4.0
32822,4.0
32823,4.0
32824,4.0
32825,4.0
32826,4.0
32827,4.0
32828,4.0
32829,4.0
32830,5.0
32831,4.0
32832,4.0
32833,4.0
32834,7.0
32835,6.0
32836,6.0
32837,6.0
32838,4.0
32839,7.0
32840,4.0
32841,4.0
32842,4.0
32843,6.0
32844,6.0
32845,6.0
32846,6.0
32847,6.0
32848,4.0
32849,4.0
32850,6.0
32851,6.0
32852,6.0
32853,6.0
32854,6.0
32855,6.0
32856,7.0
32857,5.0
32858,7.0
32859,6.0
32860,6.0
32861,4.0
32862,6.0
32863,5.0
32864,5.0
32865,4.0
32866,4.0
32867,4.0
32868,5.0
32869,4.0
32870,5.0
32871,5.0
32872,5.0
32873,5.0
32874,5.0
32875,6.0
32876,6.0
32877,6.0
32878,6.0
32879,6.0
32880,6.0
32881,5.0
32882,4.0
32883,5.0
32884,4.0
32885,4.0
32886,4.0
32887,4.0
32888,4.0
32889,4.0
32890,4.0
32891,4.0
32892,4.0
32893,4.0
32894,4.0
32895,4.0
32896,4.0
32897,4.0
32898,4.0
32899,5.0
32900,5.0
32901,5.0
32902,6.0
32903,5.0
32904,6.0
32905,6.0
32906,5.0
32907,6.0
32908,5.0
32909,6.0
32910,5.0
32911,20.0
32912,5.0
32913,5.0
32914,5.0
32915,5.0
32916,5.0
32917,5.0
32918,4.0
32919,4.0
32920,4.0
32921,4.0
32922,4.0
32923,4.0
32924,4.0
32925,4.0
32926,4.0
32927,4.0
32928,4.0
32929,4.0
32930,4.0
32931,4.0
32932,4.0
32933,4.0
32934,4.0
32935,5.0
32936,5.0
32937,4.0
32938,5.0
32939,5.0
32940,5.0
32941,4.0
32942,4.0
32943,4.0
32944,4.0
32945,5.0
32946,5.0
32947,5.0
32948,5.0
32949,4.0
32950,4.0
32951,4.0
32952,5.0
32953,4.0
32954,4.0
32955,4.0
32956,4.0
32957,5.0
32958,4.0
32959,4.0
32960,4.0
32961,4.0
32962,4.0
32963,5.0
32964,5.0
32965,5.0
32966,5.0
32967,5.0
32968,4.0
32969,5.0
32970,5.0
32971,4.0
32972,5.0
32973,4.0
32974,5.0
32975,4.0
32976,5.0
32977,5.0
32978,4.0
32979,5.0
32980,4.0
32981,4.0
32982,5.0
32983,5.0
32984,4.0
32985,4.0
32986,5.0
32987,4.0
32988,4.0
32989,4.0
32990,4.0
32991,4.0
32992,5.0
32993,5.0
32994,5.0
32995,5.0
32996,4.0
32997,4.0
32998,5.0
32999,5.0
33000,5.0
33001,6.0
33002,5.0
33003,5.0
33004,4.0
33005,5.0
33006,4.0
33007,6.0
33008,6.0
33009,5.0
33010,6.0
33011,5.0
33012,5.0
33013,4.0
33014,6.0
33015,6.0
33016,5.0
33017,4.0
33018,5.0
33019,11.0
33020,5.0
33021,6.0
33022,5.0
33023,12.0
33024,5.0
33025,6.0
33026,5.0
33027,10.0
33028,5.0
33029,5.0
33030,4.0
33031,5.0
33032,5.0
33033,5.0
33034,5.0
33035,5.0
33036,5.0
33037,5.0
33038,5.0
33039,5.0
33040,6.0
33041,6.0
33042,5.0
33043,6.0
33044,6.0
33045,6.0
33046,5.0
33047,5.0
33048,5.0
33049,5.0
33050,5.0
33051,6.0
33052,7.0
33053,8.0
33054,8.0
33055,12.0
33056,5.0
33057,7.0
33058,5.0
33059,7.0
33060,5.0
33061,4.0
33062,4.0
33063,4.0
33064,4.0
33065,4.0
33066,4.0
33067,4.0
33068,4.0
33069,5.0
33070,4.0
33071,4.0
33072,4.0
33073,4.0
33074,4.0
33075,4.0
33076,4.0
33077,4.0
33078,4.0
33079,4.0
33080,4.0
33081,4.0
33082,4.0
33083,4.0
33084,4.0
33085,4.0
33086,4.0
33087,4.0
33088,4.0
33089,4.0
33090,4.0
33091,4.0
33092,4.0
33093,4.0
33094,4.0
33095,4.0
33096,4.0
33097,4.0
33098,4.0
33099,4.0
33100,4.0
33101,4.0
33102,4.0
33103,6.0
33104,4.0
33105,4.0
33106,4.0
33107,4.0
33108,4.0
33109,14.0
33110,6.0
33111,6.0
33112,4.0
33113,6.0
33114,4.0
33115,6.0
33116,4.0
33117,6.0
33118,4.0
33119,4.0
33120,6.0
33121,6.0
33122,7.0
33123,7.0
33124,6.0
33125,6.0
33126,6.0
33127,6.0
33128,7.0
33129,6.0
33130,6.0
33131,6.0
33132,5.0
33133,4.0
33134,4.0
33135,7.0
33136,6.0
33137,6.0
33138,6.0
33139,4.0
33140,6.0
33141,6.0
33142,6.0
33143,4.0
33144,4.0
33145,4.0
33146,5.0
33147,4.0
33148,4.0
33149,4.0
33150,5.0
33151,6.0
33152,5.0
33153,6.0
33154,6.0
33155,5.0
33156,6.0
33157,5.0
33158,4.0
33159,4.0
33160,7.0
33161,4.0
33162,4.0
33163,4.0
33164,4.0
33165,4.0
33166,5.0
33167,4.0
33168,4.0
33169,4.0
33170,4.0
33171,4.0
33172,4.0
33173,4.0
33174,5.0
33175,5.0
33176,19.0
33177,6.0
33178,6.0
33179,5.0
33180,6.0
33181,6.0
33182,5.0
33183,6.0
33184,6.0
33185,5.0
33186,5.0
33187,5.0
33188,5.0
33189,5.0
33190,5.0
33191,5.0
33192,4.0
33193,4.0
33194,4.0
33195,4.0
33196,4.0
33197,5.0
33198,4.0
33199,4.0
33200,4.0
33201,5.0
33202,4.0
33203,5.0
33204,5.0
33205,4.0
33206,4.0
33207,4.0
33208,4.0
33209,4.0
33210,4.0
33211,4.0
33212,4.0
33213,4.0
33214,4.0
33215,5.0
33216,5.0
33217,5.0
33218,5.0
33219,4.0
33220,4.0
33221,5.0
33222,4.0
33223,4.0
33224,5.0
33225,5.0
33226,6.0
33227,4.0
33228,5.0
33229,5.0
33230,4.0
33231,4.0
33232,4.0
33233,4.0
33234,4.0
33235,4.0
33236,4.0
33237,5.0
33238,4.0
33239,4.0
33240,4.0
33241,5.0
33242,5.0
33243,4.0
33244,4.0
33245,4.0
33246,4.0
33247,5.0
33248,4.0
33249,5.0
33250,4.0
33251,5.0
33252,5.0
33253,4.0
33254,5.0
33255,5.0
33256,5.0
33257,5.0
33258,4.0
33259,4.0
33260,4.0
33261,4.0
33262,5.0
33263,5.0
33264,5.0
33265,5.0
33266,6.0
33267,6.0
33268,5.0
33269,4.0
33270,5.0
33271,5.0
33272,5.0
33273,5.0
33274,4.0
33275,4.0
33276,5.0
33277,5.0
33278,4.0
33279,5.0
33280,5.0
33281,5.0
33282,5.0
33283,5.0
33284,4.0
33285,5.0
33286,4.0
33287,5.0
33288,5.0
33289,11.0
33290,6.0
33291,6.0
33292,6.0
33293,5.0
33294,5.0
33295,6.0
33296,5.0
33297,6.0
33298,5.0
33299,6.0
33300,5.0
33301,5.0
33302,5.0
33303,5.0
33304,5.0
33305,5.0
33306,111.0
33307,6.0
33308,4.0
33309,6.0
33310,6.0
33311,5.0
33312,6.0
33313,5.0
33314,6.0
33315,6.0
33316,7.0
33317,7.0
33318,5.0
33319,5.0
33320,10.0
33321,6.0
33322,5.0
33323,6.0
33324,9.0
33325,6.0
33326,5.0
33327,5.0
33328,5.0
33329,5.0
33330,5.0
33331,5.0
33332,5.0
33333,5.0
33334,5.0
33335,5.0
33336,5.0
33337,6.0
33338,6.0
33339,6.0
33340,5.0
33341,6.0
33342,6.0
33343,5.0
33344,6.0
33345,5.0
33346,5.0
33347,5.0
33348,6.0
33349,5.0
33350,5.0
33351,5.0
33352,5.0
33353,6.0
33354,6.0
33355,5.0
33356,6.0
33357,6.0
33358,8.0
33359,7.0
33360,8.0
33361,7.0
33362,4.0
33363,4.0
33364,5.0
33365,4.0
33366,4.0
33367,4.0
33368,4.0
33369,4.0
33370,4.0
33371,4.0
33372,4.0
33373,4.0
33374,4.0
33375,4.0
33376,4.0
33377,4.0
33378,4.0
33379,4.0
33380,4.0
33381,4.0
33382,4.0
33383,4.0
33384,4.0
33385,4.0
33386,4.0
33387,4.0
33388,4.0
33389,4.0
33390,4.0
33391,4.0
33392,4.0
33393,4.0
33394,4.0
33395,4.0
33396,4.0
33397,4.0
33398,4.0
33399,4.0
33400,4.0
33401,4.0
33402,4.0
33403,4.0
33404,4.0
33405,4.0
33406,4.0
33407,4.0
33408,4.0
33409,4.0
33410,4.0
33411,4.0
33412,6.0
33413,6.0
33414,4.0
33415,4.0
33416,6.0
33417,6.0
33418,7.0
33419,4.0
33420,4.0
33421,6.0
33422,6.0
33423,6.0
33424,4.0
33425,9.0
33426,4.0
33427,4.0
33428,6.0
33429,4.0
33430,4.0
33431,4.0
33432,6.0
33433,7.0
33434,4.0
33435,4.0
33436,4.0
33437,4.0
33438,4.0
33439,6.0
33440,6.0
33441,4.0
33442,6.0
33443,5.0
33444,5.0
33445,5.0
33446,4.0
33447,4.0
33448,4.0
33449,4.0
33450,5.0
33451,5.0
33452,6.0
33453,6.0
33454,6.0
33455,6.0
33456,4.0
33457,4.0
33458,5.0
33459,4.0
33460,4.0
33461,4.0
33462,4.0
33463,4.0
33464,4.0
33465,4.0
33466,5.0
33467,4.0
33468,4.0
33469,4.0
33470,5.0
33471,4.0
33472,5.0
33473,5.0
33474,4.0
33475,4.0
33476,5.0
33477,7.0
33478,6.0
33479,6.0
33480,5.0
33481,6.0
33482,5.0
33483,5.0
33484,7.0
33485,5.0
33486,5.0
33487,4.0
33488,4.0
33489,4.0
33490,4.0
33491,5.0
33492,6.0
33493,4.0
33494,5.0
33495,4.0
33496,5.0
33497,4.0
33498,4.0
33499,4.0
33500,4.0
33501,4.0
33502,4.0
33503,4.0
33504,4.0
33505,4.0
33506,4.0
33507,4.0
33508,4.0
33509,4.0
33510,4.0
33511,4.0
33512,5.0
33513,5.0
33514,5.0
33515,5.0
33516,4.0
33517,5.0
33518,4.0
33519,5.0
33520,4.0
33521,4.0
33522,4.0
33523,4.0
33524,5.0
33525,5.0
33526,4.0
33527,4.0
33528,4.0
33529,4.0
33530,4.0
33531,4.0
33532,4.0
33533,4.0
33534,4.0
33535,4.0
33536,4.0
33537,5.0
33538,5.0
33539,5.0
33540,5.0
33541,4.0
33542,4.0
33543,4.0
33544,4.0
33545,4.0
33546,5.0
33547,4.0
33548,5.0
33549,5.0
33550,5.0
33551,5.0
33552,5.0
33553,4.0
33554,4.0
33555,4.0
33556,4.0
33557,5.0
33558,5.0
33559,5.0
33560,4.0
33561,5.0
33562,4.0
33563,4.0
33564,4.0
33565,4.0
33566,4.0
33567,4.0
33568,5.0
33569,5.0
33570,5.0
33571,5.0
33572,6.0
33573,5.0
33574,5.0
33575,4.0
33576,4.0
33577,5.0
33578,5.0
33579,4.0
33580,5.0
33581,5.0
33582,4.0
33583,4.0
33584,5.0
33585,5.0
33586,5.0
33587,5.0
33588,6.0
33589,4.0
33590,4.0
33591,5.0
33592,5.0
33593,5.0
33594,6.0
33595,5.0
33596,5.0
33597,5.0
33598,4.0
33599,4.0
33600,6.0
33601,5.0
33602,6.0
33603,6.0
33604,4.0
33605,4.0
33606,5.0
33607,4.0
33608,4.0
33609,4.0
33610,6.0
33611,6.0
33612,5.0
33613,4.0
33614,6.0
33615,6.0
33616,5.0
33617,5.0
33618,5.0
33619,5.0
33620,5.0
33621,10.0
33622,5.0
33623,5.0
33624,5.0
33625,5.0
33626,9.0
33627,7.0
33628,5.0
33629,5.0
33630,5.0
33631,5.0
33632,5.0
33633,5.0
33634,5.0
33635,5.0
33636,5.0
33637,5.0
33638,5.0
33639,5.0
33640,6.0
33641,6.0
33642,5.0
33643,5.0
33644,5.0
33645,5.0
33646,5.0
33647,6.0
33648,7.0
33649,7.0
33650,7.0
33651,7.0
33652,7.0
33653,7.0
33654,6.0
33655,7.0
33656,7.0
33657,9.0
33658,9.0
33659,5.0
33660,4.0
33661,4.0
33662,4.0
33663,4.0
33664,4.0
33665,4.0
33666,4.0
33667,4.0
33668,4.0
33669,4.0
33670,4.0
33671,4.0
33672,4.0
33673,4.0
33674,4.0
33675,4.0
33676,4.0
33677,4.0
33678,4.0
33679,4.0
33680,4.0
33681,4.0
33682,4.0
33683,4.0
33684,4.0
33685,4.0
33686,4.0
33687,4.0
33688,4.0
33689,4.0
33690,4.0
33691,4.0
33692,4.0
33693,4.0
33694,4.0
33695,4.0
33696,4.0
33697,4.0
33698,4.0
33699,4.0
33700,4.0
33701,4.0
33702,4.0
33703,4.0
33704,4.0
33705,4.0
33706,4.0
33707,6.0
33708,4.0
33709,4.0
33710,4.0
33711,4.0
33712,4.0
33713,4.0
33714,4.0
33715,4.0
33716,4.0
33717,4.0
33718,4.0
33719,4.0
33720,4.0
33721,4.0
33722,4.0
33723,4.0
33724,7.0
33725,6.0
33726,4.0
33727,6.0
33728,4.0
33729,6.0
33730,4.0
33731,4.0
33732,4.0
33733,4.0
33734,4.0
33735,7.0
33736,6.0
33737,4.0
33738,5.0
33739,4.0
33740,4.0
33741,7.0
33742,4.0
33743,4.0
33744,4.0
33745,6.0
33746,6.0
33747,6.0
33748,7.0
33749,6.0
33750,6.0
33751,6.0
33752,6.0
33753,6.0
33754,6.0
33755,6.0
33756,6.0
33757,6.0
33758,4.0
33759,4.0
33760,6.0
33761,4.0
33762,4.0
33763,4.0
33764,5.0
33765,7.0
33766,6.0
33767,6.0
33768,5.0
33769,6.0
33770,5.0
33771,5.0
33772,6.0
33773,4.0
33774,4.0
33775,4.0
33776,4.0
33777,4.0
33778,5.0
33779,5.0
33780,4.0
33781,4.0
33782,4.0
33783,4.0
33784,4.0
33785,5.0
33786,5.0
33787,6.0
33788,4.0
33789,4.0
33790,4.0
33791,5.0
33792,4.0
33793,5.0
33794,7.0
33795,4.0
33796,4.0
33797,4.0
33798,4.0
33799,4.0
33800,4.0
33801,4.0
33802,4.0
33803,5.0
33804,4.0
33805,5.0
33806,5.0
33807,5.0
33808,6.0
33809,7.0
33810,4.0
33811,4.0
33812,5.0
33813,6.0
33814,6.0
33815,5.0
33816,5.0
33817,5.0
33818,5.0
33819,6.0
33820,5.0
33821,4.0
33822,5.0
33823,5.0
33824,5.0
33825,4.0
33826,5.0
33827,4.0
33828,5.0
33829,5.0
33830,4.0
33831,4.0
33832,4.0
33833,4.0
33834,4.0
33835,4.0
33836,4.0
33837,4.0
33838,4.0
33839,4.0
33840,4.0
33841,4.0
33842,4.0
33843,4.0
33844,4.0
33845,4.0
33846,4.0
33847,4.0
33848,4.0
33849,4.0
33850,4.0
33851,4.0
33852,5.0
33853,5.0
33854,4.0
33855,4.0
33856,4.0
33857,4.0
33858,4.0
33859,4.0
33860,4.0
33861,4.0
33862,4.0
33863,4.0
33864,6.0
33865,5.0
33866,4.0
33867,5.0
33868,4.0
33869,6.0
33870,4.0
33871,4.0
33872,4.0
33873,4.0
33874,4.0
33875,4.0
33876,4.0
33877,4.0
33878,4.0
33879,4.0
33880,4.0
33881,5.0
33882,5.0
33883,5.0
33884,4.0
33885,4.0
33886,4.0
33887,5.0
33888,5.0
33889,5.0
33890,5.0
33891,4.0
33892,4.0
33893,4.0
33894,4.0
33895,5.0
33896,4.0
33897,4.0
33898,4.0
33899,4.0
33900,5.0
33901,5.0
33902,4.0
33903,5.0
33904,5.0
33905,4.0
33906,5.0
33907,5.0
33908,5.0
33909,4.0
33910,4.0
33911,6.0
33912,6.0
33913,4.0
33914,4.0
33915,5.0
33916,4.0
33917,5.0
33918,5.0
33919,5.0
33920,5.0
33921,5.0
33922,4.0
33923,5.0
33924,5.0
33925,5.0
33926,5.0
33927,5.0
33928,4.0
33929,5.0
33930,5.0
33931,5.0
33932,4.0
33933,5.0
33934,5.0
33935,5.0
33936,5.0
33937,5.0
33938,4.0
33939,5.0
33940,6.0
33941,6.0
33942,4.0
33943,6.0
33944,5.0
33945,6.0
33946,6.0
33947,5.0
33948,5.0
33949,10.0
33950,5.0
33951,5.0
33952,4.0
33953,5.0
33954,5.0
33955,5.0
33956,11.0
33957,5.0
33958,6.0
33959,5.0
33960,6.0
33961,10.0
33962,5.0
33963,5.0
33964,7.0
33965,5.0
33966,5.0
33967,5.0
33968,5.0
33969,5.0
33970,5.0
33971,5.0
33972,5.0
33973,5.0
33974,5.0
33975,5.0
33976,6.0
33977,5.0
33978,6.0
33979,5.0
33980,5.0
33981,6.0
33982,5.0
33983,5.0
33984,5.0
33985,5.0
33986,8.0
33987,5.0
33988,5.0
33989,6.0
33990,5.0
33991,7.0
33992,4.0
33993,7.0
33994,6.0
33995,7.0
33996,4.0
33997,4.0
33998,5.0
33999,8.0
34000,6.0
34001,4.0
34002,4.0
34003,4.0
34004,4.0
34005,4.0
34006,4.0
34007,4.0
34008,4.0
34009,4.0
34010,4.0
34011,4.0
34012,4.0
34013,4.0
34014,4.0
34015,4.0
34016,4.0
34017,4.0
34018,4.0
34019,4.0
34020,4.0
34021,4.0
34022,4.0
34023,4.0
34024,4.0
34025,4.0
34026,4.0
34027,4.0
34028,4.0
34029,4.0
34030,4.0
34031,4.0
34032,4.0
34033,4.0
34034,4.0
34035,4.0
34036,4.0
34037,4.0
34038,4.0
34039,4.0
34040,4.0
34041,4.0
34042,4.0
34043,4.0
34044,4.0
34045,4.0
34046,7.0
34047,6.0
34048,6.0
34049,4.0
34050,4.0
34051,4.0
34052,4.0
34053,4.0
34054,4.0
34055,4.0
34056,4.0
34057,4.0
34058,4.0
34059,6.0
34060,6.0
34061,4.0
34062,4.0
34063,4.0
34064,4.0
34065,6.0
34066,6.0
34067,6.0
34068,6.0
34069,4.0
34070,4.0
34071,4.0
34072,4.0
34073,12.0
34074,4.0
34075,4.0
34076,6.0
34077,6.0
34078,4.0
34079,4.0
34080,6.0
34081,6.0
34082,7.0
34083,5.0
34084,7.0
34085,6.0
34086,6.0
34087,6.0
34088,5.0
34089,4.0
34090,4.0
34091,4.0
34092,4.0
34093,4.0
34094,5.0
34095,4.0
34096,5.0
34097,10.0
34098,4.0
34099,8.0
34100,5.0
34101,4.0
34102,4.0
34103,6.0
34104,6.0
34105,6.0
34106,4.0
34107,8.0
34108,4.0
34109,4.0
34110,4.0
34111,5.0
34112,5.0
34113,5.0
34114,4.0
34115,4.0
34116,12.0
34117,6.0
34118,5.0
34119,6.0
34120,5.0
34121,5.0
34122,5.0
34123,5.0
34124,5.0
34125,6.0
34126,4.0
34127,4.0
34128,4.0
34129,5.0
34130,4.0
34131,5.0
34132,4.0
34133,5.0
34134,6.0
34135,4.0
34136,4.0
34137,4.0
34138,5.0
34139,4.0
34140,4.0
34141,4.0
34142,4.0
34143,4.0
34144,4.0
34145,4.0
34146,4.0
34147,4.0
34148,4.0
34149,4.0
34150,4.0
34151,5.0
34152,4.0
34153,5.0
34154,5.0
34155,4.0
34156,4.0
34157,4.0
34158,4.0
34159,4.0
34160,4.0
34161,5.0
34162,5.0
34163,4.0
34164,4.0
34165,4.0
34166,4.0
34167,4.0
34168,4.0
34169,4.0
34170,4.0
34171,4.0
34172,4.0
34173,4.0
34174,4.0
34175,4.0
34176,5.0
34177,5.0
34178,5.0
34179,5.0
34180,5.0
34181,4.0
34182,4.0
34183,5.0
34184,4.0
34185,4.0
34186,5.0
34187,4.0
34188,4.0
34189,4.0
34190,5.0
34191,5.0
34192,4.0
34193,5.0
34194,5.0
34195,4.0
34196,5.0
34197,4.0
34198,4.0
34199,5.0
34200,4.0
34201,4.0
34202,4.0
34203,4.0
34204,4.0
34205,5.0
34206,4.0
34207,4.0
34208,5.0
34209,5.0
34210,5.0
34211,4.0
34212,5.0
34213,4.0
34214,4.0
34215,4.0
34216,5.0
34217,5.0
34218,5.0
34219,4.0
34220,5.0
34221,5.0
34222,4.0
34223,7.0
34224,6.0
34225,6.0
34226,5.0
34227,5.0
34228,5.0
34229,5.0
34230,6.0
34231,6.0
34232,4.0
34233,5.0
34234,6.0
34235,10.0
34236,5.0
34237,5.0
34238,6.0
34239,4.0
34240,4.0
34241,5.0
34242,6.0
34243,5.0
34244,5.0
34245,5.0
34246,5.0
34247,5.0
34248,6.0
34249,5.0
34250,10.0
34251,10.0
34252,5.0
34253,5.0
34254,5.0
34255,7.0
34256,9.0
34257,6.0
34258,5.0
34259,5.0
34260,5.0
34261,5.0
34262,5.0
34263,5.0
34264,5.0
34265,5.0
34266,7.0
34267,6.0
34268,5.0
34269,5.0
34270,6.0
34271,5.0
34272,6.0
34273,5.0
34274,5.0
34275,4.0
34276,7.0
34277,4.0
34278,4.0
34279,4.0
34280,4.0
34281,4.0
34282,4.0
34283,4.0
34284,4.0
34285,4.0
34286,4.0
34287,4.0
34288,4.0
34289,4.0
34290,4.0
34291,4.0
34292,4.0
34293,4.0
34294,4.0
34295,4.0
34296,4.0
34297,4.0
34298,4.0
34299,4.0
34300,4.0
34301,4.0
34302,4.0
34303,4.0
34304,4.0
34305,4.0
34306,4.0
34307,4.0
34308,4.0
34309,4.0
34310,4.0
34311,4.0
34312,4.0
34313,4.0
34314,4.0
34315,4.0
34316,4.0
34317,4.0
34318,4.0
34319,4.0
34320,7.0
34321,6.0
34322,6.0
34323,6.0
34324,6.0
34325,7.0
34326,6.0
34327,4.0
34328,4.0
34329,6.0
34330,6.0
34331,4.0
34332,6.0
34333,4.0
34334,6.0
34335,6.0
34336,4.0
34337,6.0
34338,7.0
34339,5.0
34340,4.0
34341,4.0
34342,4.0
34343,4.0
34344,6.0
34345,6.0
34346,6.0
34347,6.0
34348,6.0
34349,6.0
34350,6.0
34351,6.0
34352,4.0
34353,4.0
34354,5.0
34355,6.0
34356,5.0
34357,4.0
34358,5.0
34359,4.0
34360,5.0
34361,6.0
34362,5.0
34363,4.0
34364,4.0
34365,5.0
34366,5.0
34367,6.0
34368,6.0
34369,6.0
34370,4.0
34371,6.0
34372,4.0
34373,4.0
34374,5.0
34375,6.0
34376,4.0
34377,5.0
34378,4.0
34379,4.0
34380,4.0
34381,4.0
34382,5.0
34383,5.0
34384,4.0
34385,4.0
34386,4.0
34387,5.0
34388,5.0
34389,5.0
34390,6.0
34391,6.0
34392,5.0
34393,5.0
34394,5.0
34395,7.0
34396,5.0
34397,6.0
34398,5.0
34399,4.0
34400,5.0
34401,6.0
34402,4.0
34403,4.0
34404,4.0
34405,4.0
34406,4.0
34407,4.0
34408,4.0
34409,4.0
34410,4.0
34411,5.0
34412,4.0
34413,4.0
34414,4.0
34415,4.0
34416,4.0
34417,4.0
34418,4.0
34419,4.0
34420,4.0
34421,4.0
34422,4.0
34423,4.0
34424,4.0
34425,4.0
34426,5.0
34427,4.0
34428,4.0
34429,4.0
34430,4.0
34431,5.0
34432,6.0
34433,4.0
34434,4.0
34435,4.0
34436,4.0
34437,4.0
34438,4.0
34439,4.0
34440,4.0
34441,5.0
34442,5.0
34443,5.0
34444,5.0
34445,5.0
34446,5.0
34447,5.0
34448,4.0
34449,4.0
34450,4.0
34451,4.0
34452,4.0
34453,4.0
34454,5.0
34455,5.0
34456,5.0
34457,4.0
34458,4.0
34459,5.0
34460,5.0
34461,5.0
34462,4.0
34463,4.0
34464,5.0
34465,5.0
34466,4.0
34467,4.0
34468,4.0
34469,4.0
34470,5.0
34471,4.0
34472,5.0
34473,4.0
34474,5.0
34475,4.0
34476,4.0
34477,5.0
34478,5.0
34479,5.0
34480,6.0
34481,5.0
34482,4.0
34483,5.0
34484,4.0
34485,4.0
34486,5.0
34487,5.0
34488,4.0
34489,4.0
34490,6.0
34491,6.0
34492,5.0
34493,5.0
34494,4.0
34495,6.0
34496,6.0
34497,5.0
34498,4.0
34499,6.0
34500,6.0
34501,6.0
34502,5.0
34503,6.0
34504,6.0
34505,5.0
34506,5.0
34507,6.0
34508,5.0
34509,6.0
34510,5.0
34511,5.0
34512,5.0
34513,5.0
34514,6.0
34515,5.0
34516,5.0
34517,5.0
34518,12.0
34519,5.0
34520,10.0
34521,5.0
34522,6.0
34523,5.0
34524,5.0
34525,5.0
34526,5.0
34527,5.0
34528,5.0
34529,5.0
34530,5.0
34531,5.0
34532,5.0
34533,5.0
34534,5.0
34535,5.0
34536,5.0
34537,5.0
34538,5.0
34539,6.0
34540,4.0
34541,6.0
34542,6.0
34543,6.0
34544,5.0
34545,6.0
34546,6.0
34547,5.0
34548,5.0
34549,5.0
34550,5.0
34551,5.0
34552,5.0
34553,8.0
34554,18.0
34555,7.0
34556,6.0
34557,5.0
34558,5.0
34559,4.0
34560,4.0
34561,4.0
34562,4.0
34563,4.0
34564,4.0
34565,4.0
34566,4.0
34567,4.0
34568,4.0
34569,4.0
34570,4.0
34571,4.0
34572,4.0
34573,4.0
34574,4.0
34575,4.0
34576,4.0
34577,4.0
34578,4.0
34579,4.0
34580,4.0
34581,4.0
34582,4.0
34583,4.0
34584,4.0
34585,4.0
34586,4.0
34587,4.0
34588,4.0
34589,4.0
34590,4.0
34591,4.0
34592,4.0
34593,4.0
34594,4.0
34595,4.0
34596,4.0
34597,4.0
34598,7.0
34599,4.0
34600,4.0
34601,4.0
34602,4.0
34603,4.0
34604,4.0
34605,4.0
34606,4.0
34607,4.0
34608,4.0
34609,4.0
34610,5.0
34611,4.0
34612,4.0
34613,6.0
34614,6.0
34615,4.0
34616,4.0
34617,4.0
34618,4.0
34619,4.0
34620,4.0
34621,4.0
34622,4.0
34623,6.0
34624,6.0
34625,8.0
34626,7.0
34627,4.0
34628,4.0
34629,4.0
34630,6.0
34631,6.0
34632,4.0
34633,4.0
34634,9.0
34635,5.0
34636,4.0
34637,5.0
34638,4.0
34639,6.0
34640,6.0
34641,4.0
34642,6.0
34643,6.0
34644,4.0
34645,4.0
34646,4.0
34647,5.0
34648,5.0
34649,4.0
34650,5.0
34651,5.0
34652,4.0
34653,5.0
34654,5.0
34655,4.0
34656,4.0
34657,5.0
34658,5.0
34659,4.0
34660,5.0
34661,5.0
34662,5.0
34663,6.0
34664,5.0
34665,4.0
34666,4.0
34667,4.0
34668,4.0
34669,4.0
34670,5.0
34671,4.0
34672,4.0
34673,4.0
34674,4.0
34675,4.0
34676,5.0
34677,5.0
34678,4.0
34679,4.0
34680,5.0
34681,5.0
34682,6.0
34683,6.0
34684,5.0
34685,5.0
34686,6.0
34687,4.0
34688,5.0
34689,5.0
34690,6.0
34691,5.0
34692,5.0
34693,5.0
34694,5.0
34695,7.0
34696,5.0
34697,5.0
34698,5.0
34699,4.0
34700,4.0
34701,4.0
34702,5.0
34703,4.0
34704,4.0
34705,4.0
34706,4.0
34707,4.0
34708,5.0
34709,4.0
34710,4.0
34711,4.0
34712,4.0
34713,4.0
34714,4.0
34715,4.0
34716,4.0
34717,4.0
34718,4.0
34719,4.0
34720,4.0
34721,4.0
34722,4.0
34723,4.0
34724,4.0
34725,5.0
34726,4.0
34727,5.0
34728,4.0
34729,4.0
34730,5.0
34731,5.0
34732,5.0
34733,6.0
34734,4.0
34735,4.0
34736,4.0
34737,4.0
34738,4.0
34739,4.0
34740,4.0
34741,5.0
34742,4.0
34743,4.0
34744,4.0
34745,5.0
34746,5.0
34747,5.0
34748,4.0
34749,5.0
34750,4.0
34751,4.0
34752,4.0
34753,4.0
34754,5.0
34755,5.0
34756,5.0
34757,4.0
34758,4.0
34759,4.0
34760,4.0
34761,5.0
34762,5.0
34763,4.0
34764,5.0
34765,5.0
34766,6.0
34767,5.0
34768,4.0
34769,4.0
34770,5.0
34771,5.0
34772,6.0
34773,4.0
34774,4.0
34775,4.0
34776,5.0
34777,4.0
34778,4.0
34779,4.0
34780,5.0
34781,5.0
34782,5.0
34783,5.0
34784,5.0
34785,5.0
34786,5.0
34787,4.0
34788,6.0
34789,5.0
34790,4.0
34791,4.0
34792,5.0
34793,5.0
34794,5.0
34795,5.0
34796,5.0
34797,6.0
34798,4.0
34799,6.0
34800,6.0
34801,6.0
34802,5.0
34803,6.0
34804,4.0
34805,5.0
34806,6.0
34807,4.0
34808,5.0
34809,5.0
34810,6.0
34811,5.0
34812,5.0
34813,6.0
34814,5.0
34815,5.0
34816,5.0
34817,5.0
34818,5.0
34819,5.0
34820,5.0
34821,5.0
34822,5.0
34823,5.0
34824,5.0
34825,5.0
34826,6.0
34827,5.0
34828,5.0
34829,5.0
34830,6.0
34831,6.0
34832,19.0
34833,6.0
34834,6.0
34835,6.0
34836,7.0
34837,5.0
34838,5.0
34839,7.0
34840,7.0
34841,6.0
34842,5.0
34843,4.0
34844,4.0
34845,4.0
34846,4.0
34847,4.0
34848,4.0
34849,4.0
34850,4.0
34851,4.0
34852,4.0
34853,4.0
34854,4.0
34855,4.0
34856,4.0
34857,4.0
34858,4.0
34859,4.0
34860,4.0
34861,4.0
34862,4.0
34863,4.0
34864,5.0
34865,4.0
34866,4.0
34867,4.0
34868,4.0
34869,4.0
34870,4.0
34871,4.0
34872,4.0
34873,4.0
34874,4.0
34875,4.0
34876,4.0
34877,5.0
34878,4.0
34879,4.0
34880,4.0
34881,4.0
34882,4.0
34883,4.0
34884,4.0
34885,4.0
34886,4.0
34887,4.0
34888,4.0
34889,4.0
34890,4.0
34891,4.0
34892,4.0
34893,4.0
34894,4.0
34895,4.0
34896,4.0
34897,4.0
34898,4.0
34899,5.0
34900,4.0
34901,4.0
34902,4.0
34903,6.0
34904,6.0
34905,4.0
34906,4.0
34907,4.0
34908,4.0
34909,4.0
34910,4.0
34911,4.0
34912,6.0
34913,4.0
34914,4.0
34915,6.0
34916,6.0
34917,6.0
34918,6.0
34919,5.0
34920,4.0
34921,6.0
34922,4.0
34923,4.0
34924,6.0
34925,6.0
34926,6.0
34927,6.0
34928,6.0
34929,6.0
34930,6.0
34931,6.0
34932,4.0
34933,6.0
34934,4.0
34935,7.0
34936,6.0
34937,6.0
34938,6.0
34939,6.0
34940,6.0
34941,6.0
34942,6.0
34943,6.0
34944,10.0
34945,5.0
34946,4.0
34947,4.0
34948,4.0
34949,4.0
34950,5.0
34951,5.0
34952,4.0
34953,9.0
34954,4.0
34955,4.0
34956,5.0
34957,6.0
34958,6.0
34959,4.0
34960,5.0
34961,6.0
34962,4.0
34963,4.0
34964,4.0
34965,7.0
34966,5.0
34967,4.0
34968,5.0
34969,6.0
34970,6.0
34971,6.0
34972,5.0
34973,6.0
34974,5.0
34975,5.0
34976,5.0
34977,8.0
34978,5.0
34979,5.0
34980,4.0
34981,4.0
34982,4.0
34983,5.0
34984,4.0
34985,4.0
34986,5.0
34987,4.0
34988,4.0
34989,4.0
34990,4.0
34991,4.0
34992,4.0
34993,4.0
34994,4.0
34995,4.0
34996,4.0
34997,5.0
34998,4.0
34999,4.0
35000,4.0
35001,5.0
35002,4.0
35003,4.0
35004,5.0
35005,5.0
35006,4.0
35007,4.0
35008,4.0
35009,4.0
35010,4.0
35011,5.0
35012,4.0
35013,4.0
35014,4.0
35015,4.0
35016,4.0
35017,4.0
35018,4.0
35019,4.0
35020,4.0
35021,5.0
35022,4.0
35023,4.0
35024,5.0
35025,4.0
35026,5.0
35027,4.0
35028,4.0
35029,5.0
35030,4.0
35031,5.0
35032,5.0
35033,5.0
35034,4.0
35035,4.0
35036,5.0
35037,4.0
35038,5.0
35039,5.0
35040,4.0
35041,4.0
35042,4.0
35043,4.0
35044,4.0
35045,5.0
35046,5.0
35047,4.0
35048,5.0
35049,5.0
35050,4.0
35051,4.0
35052,4.0
35053,5.0
35054,5.0
35055,4.0
35056,5.0
35057,4.0
35058,5.0
35059,4.0
35060,4.0
35061,5.0
35062,4.0
35063,4.0
35064,4.0
35065,5.0
35066,6.0
35067,4.0
35068,5.0
35069,4.0
35070,5.0
35071,4.0
35072,6.0
35073,6.0
35074,6.0
35075,5.0
35076,5.0
35077,6.0
35078,6.0
35079,4.0
35080,5.0
35081,4.0
35082,5.0
35083,4.0
35084,5.0
35085,5.0
35086,7.0
35087,6.0
35088,4.0
35089,116.0
35090,5.0
35091,5.0
35092,4.0
35093,4.0
35094,6.0
35095,5.0
35096,5.0
35097,5.0
35098,6.0
35099,7.0
35100,6.0
35101,11.0
35102,11.0
35103,11.0
35104,5.0
35105,5.0
35106,4.0
35107,10.0
35108,5.0
35109,5.0
35110,5.0
35111,5.0
35112,5.0
35113,5.0
35114,5.0
35115,5.0
35116,5.0
35117,5.0
35118,5.0
35119,5.0
35120,5.0
35121,5.0
35122,6.0
35123,6.0
35124,5.0
35125,6.0
35126,5.0
35127,6.0
35128,6.0
35129,6.0
35130,14.0
35131,4.0
35132,7.0
35133,6.0
35134,5.0
35135,7.0
35136,7.0
35137,6.0
35138,4.0
35139,4.0
35140,4.0
35141,4.0
35142,4.0
35143,4.0
35144,4.0
35145,4.0
35146,4.0
35147,4.0
35148,4.0
35149,4.0
35150,4.0
35151,4.0
35152,4.0
35153,4.0
35154,4.0
35155,4.0
35156,4.0
35157,4.0
35158,4.0
35159,4.0
35160,4.0
35161,4.0
35162,4.0
35163,4.0
35164,4.0
35165,4.0
35166,4.0
35167,4.0
35168,4.0
35169,4.0
35170,4.0
35171,4.0
35172,4.0
35173,4.0
35174,4.0
35175,4.0
35176,4.0
35177,4.0
35178,4.0
35179,4.0
35180,4.0
35181,6.0
35182,7.0
35183,4.0
35184,4.0
35185,4.0
35186,4.0
35187,4.0
35188,4.0
35189,4.0
35190,4.0
35191,4.0
35192,4.0
35193,4.0
35194,7.0
35195,4.0
35196,4.0
35197,4.0
35198,4.0
35199,5.0
35200,5.0
35201,6.0
35202,6.0
35203,4.0
35204,4.0
35205,4.0
35206,4.0
35207,8.0
35208,4.0
35209,6.0
35210,6.0
35211,4.0
35212,4.0
35213,6.0
35214,4.0
35215,4.0
35216,6.0
35217,4.0
35218,6.0
35219,6.0
35220,6.0
35221,4.0
35222,6.0
35223,5.0
35224,4.0
35225,4.0
35226,5.0
35227,5.0
35228,4.0
35229,5.0
35230,7.0
35231,4.0
35232,4.0
35233,4.0
35234,4.0
35235,5.0
35236,5.0
35237,5.0
35238,5.0
35239,5.0
35240,5.0
35241,4.0
35242,4.0
35243,4.0
35244,4.0
35245,4.0
35246,4.0
35247,4.0
35248,4.0
35249,4.0
35250,7.0
35251,5.0
35252,5.0
35253,5.0
35254,5.0
35255,4.0
35256,5.0
35257,6.0
35258,5.0
35259,6.0
35260,5.0
35261,6.0
35262,6.0
35263,5.0
35264,5.0
35265,5.0
35266,4.0
35267,5.0
35268,4.0
35269,4.0
35270,5.0
35271,5.0
35272,4.0
35273,4.0
35274,5.0
35275,5.0
35276,4.0
35277,4.0
35278,4.0
35279,4.0
35280,4.0
35281,4.0
35282,4.0
35283,4.0
35284,4.0
35285,4.0
35286,4.0
35287,4.0
35288,4.0
35289,4.0
35290,4.0
35291,4.0
35292,4.0
35293,4.0
35294,4.0
35295,4.0
35296,4.0
35297,4.0
35298,5.0
35299,5.0
35300,4.0
35301,4.0
35302,4.0
35303,5.0
35304,4.0
35305,4.0
35306,4.0
35307,4.0
35308,5.0
35309,5.0
35310,5.0
35311,4.0
35312,6.0
35313,6.0
35314,5.0
35315,4.0
35316,4.0
35317,4.0
35318,4.0
35319,4.0
35320,4.0
35321,4.0
35322,4.0
35323,4.0
35324,4.0
35325,5.0
35326,4.0
35327,4.0
35328,5.0
35329,5.0
35330,4.0
35331,4.0
35332,4.0
35333,4.0
35334,5.0
35335,4.0
35336,4.0
35337,4.0
35338,5.0
35339,5.0
35340,5.0
35341,4.0
35342,5.0
35343,5.0
35344,5.0
35345,5.0
35346,4.0
35347,4.0
35348,4.0
35349,4.0
35350,4.0
35351,5.0
35352,5.0
35353,5.0
35354,5.0
35355,4.0
35356,4.0
35357,4.0
35358,6.0
35359,5.0
35360,4.0
35361,4.0
35362,4.0
35363,4.0
35364,4.0
35365,4.0
35366,5.0
35367,5.0
35368,5.0
35369,5.0
35370,5.0
35371,4.0
35372,4.0
35373,5.0
35374,4.0
35375,4.0
35376,5.0
35377,5.0
35378,5.0
35379,4.0
35380,6.0
35381,5.0
35382,4.0
35383,4.0
35384,5.0
35385,6.0
35386,5.0
35387,4.0
35388,4.0
35389,11.0
35390,6.0
35391,6.0
35392,5.0
35393,4.0
35394,5.0
35395,5.0
35396,5.0
35397,4.0
35398,4.0
35399,6.0
35400,4.0
35401,5.0
35402,3.0
35403,5.0
35404,5.0
35405,6.0
35406,6.0
35407,6.0
35408,4.0
35409,6.0
35410,6.0
35411,5.0
35412,5.0
35413,5.0
35414,5.0
35415,6.0
35416,11.0
35417,5.0
35418,5.0
35419,4.0
35420,5.0
35421,5.0
35422,5.0
35423,5.0
35424,7.0
35425,5.0
35426,5.0
35427,5.0
35428,5.0
35429,5.0
35430,5.0
35431,5.0
35432,5.0
35433,5.0
35434,5.0
35435,6.0
35436,6.0
35437,5.0
35438,6.0
35439,5.0
35440,5.0
35441,5.0
35442,5.0
35443,18.0
35444,6.0
35445,12.0
35446,6.0
35447,9.0
35448,12.0
35449,7.0
35450,7.0
35451,4.0
35452,5.0
35453,5.0
35454,4.0
35455,4.0
35456,4.0
35457,4.0
35458,4.0
35459,4.0
35460,4.0
35461,4.0
35462,4.0
35463,4.0
35464,4.0
35465,4.0
35466,4.0
35467,4.0
35468,4.0
35469,4.0
35470,4.0
35471,4.0
35472,4.0
35473,4.0
35474,4.0
35475,4.0
35476,4.0
35477,4.0
35478,4.0
35479,4.0
35480,4.0
35481,4.0
35482,4.0
35483,4.0
35484,4.0
35485,4.0
35486,4.0
35487,4.0
35488,5.0
35489,4.0
35490,4.0
35491,4.0
35492,4.0
35493,4.0
35494,4.0
35495,5.0
35496,4.0
35497,4.0
35498,6.0
35499,6.0
35500,4.0
35501,4.0
35502,4.0
35503,4.0
35504,4.0
35505,4.0
35506,4.0
35507,4.0
35508,4.0
35509,4.0
35510,4.0
35511,4.0
35512,4.0
35513,4.0
35514,4.0
35515,4.0
35516,4.0
35517,4.0
35518,6.0
35519,4.0
35520,4.0
35521,4.0
35522,4.0
35523,4.0
35524,4.0
35525,6.0
35526,4.0
35527,4.0
35528,4.0
35529,6.0
35530,4.0
35531,4.0
35532,4.0
35533,6.0
35534,6.0
35535,4.0
35536,4.0
35537,4.0
35538,4.0
35539,6.0
35540,6.0
35541,12.0
35542,4.0
35543,4.0
35544,6.0
35545,6.0
35546,6.0
35547,5.0
35548,4.0
35549,4.0
35550,4.0
35551,4.0
35552,5.0
35553,4.0
35554,4.0
35555,4.0
35556,4.0
35557,4.0
35558,6.0
35559,6.0
35560,5.0
35561,5.0
35562,4.0
35563,4.0
35564,4.0
35565,4.0
35566,4.0
35567,4.0
35568,4.0
35569,4.0
35570,4.0
35571,4.0
35572,4.0
35573,5.0
35574,4.0
35575,4.0
35576,4.0
35577,4.0
35578,5.0
35579,5.0
35580,4.0
35581,4.0
35582,6.0
35583,5.0
35584,5.0
35585,6.0
35586,6.0
35587,5.0
35588,5.0
35589,6.0
35590,5.0
35591,5.0
35592,6.0
35593,5.0
35594,4.0
35595,4.0
35596,5.0
35597,5.0
35598,5.0
35599,4.0
35600,5.0
35601,5.0
35602,5.0
35603,5.0
35604,5.0
35605,4.0
35606,4.0
35607,4.0
35608,4.0
35609,4.0
35610,4.0
35611,4.0
35612,4.0
35613,4.0
35614,4.0
35615,4.0
35616,4.0
35617,4.0
35618,4.0
35619,4.0
35620,4.0
35621,4.0
35622,5.0
35623,5.0
35624,5.0
35625,4.0
35626,4.0
35627,4.0
35628,4.0
35629,4.0
35630,4.0
35631,5.0
35632,4.0
35633,4.0
35634,5.0
35635,4.0
35636,4.0
35637,4.0
35638,4.0
35639,4.0
35640,4.0
35641,4.0
35642,4.0
35643,4.0
35644,4.0
35645,4.0
35646,5.0
35647,5.0
35648,5.0
35649,5.0
35650,5.0
35651,4.0
35652,4.0
35653,4.0
35654,4.0
35655,5.0
35656,5.0
35657,4.0
35658,8.0
35659,4.0
35660,4.0
35661,5.0
35662,5.0
35663,4.0
35664,4.0
35665,5.0
35666,5.0
35667,5.0
35668,4.0
35669,5.0
35670,4.0
35671,4.0
35672,5.0
35673,5.0
35674,5.0
35675,5.0
35676,4.0
35677,4.0
35678,6.0
35679,5.0
35680,4.0
35681,4.0
35682,6.0
35683,4.0
35684,4.0
35685,4.0
35686,4.0
35687,5.0
35688,4.0
35689,4.0
35690,6.0
35691,5.0
35692,4.0
35693,4.0
35694,4.0
35695,5.0
35696,5.0
35697,4.0
35698,5.0
35699,4.0
35700,5.0
35701,5.0
35702,4.0
35703,5.0
35704,5.0
35705,4.0
35706,4.0
35707,5.0
35708,11.0
35709,5.0
35710,6.0
35711,6.0
35712,5.0
35713,5.0
35714,6.0
35715,6.0
35716,5.0
35717,4.0
35718,5.0
35719,5.0
35720,5.0
35721,5.0
35722,4.0
35723,6.0
35724,5.0
35725,5.0
35726,6.0
35727,6.0
35728,6.0
35729,4.0
35730,4.0
35731,5.0
35732,5.0
35733,5.0
35734,5.0
35735,5.0
35736,6.0
35737,5.0
35738,5.0
35739,5.0
35740,5.0
35741,5.0
35742,5.0
35743,5.0
35744,5.0
35745,5.0
35746,4.0
35747,6.0
35748,6.0
35749,5.0
35750,5.0
35751,5.0
35752,5.0
35753,5.0
35754,5.0
35755,5.0
35756,6.0
35757,5.0
35758,5.0
35759,11.0
35760,6.0
35761,6.0
35762,7.0
35763,4.0
35764,7.0
35765,8.0
35766,8.0
35767,6.0
35768,5.0
35769,4.0
35770,4.0
35771,4.0
35772,4.0
35773,4.0
35774,4.0
35775,4.0
35776,4.0
35777,4.0
35778,4.0
35779,4.0
35780,4.0
35781,4.0
35782,4.0
35783,4.0
35784,4.0
35785,4.0
35786,4.0
35787,4.0
35788,4.0
35789,4.0
35790,4.0
35791,4.0
35792,4.0
35793,4.0
35794,4.0
35795,4.0
35796,4.0
35797,4.0
35798,4.0
35799,4.0
35800,4.0
35801,4.0
35802,4.0
35803,4.0
35804,4.0
35805,4.0
35806,4.0
35807,4.0
35808,4.0
35809,4.0
35810,4.0
35811,4.0
35812,4.0
35813,4.0
35814,4.0
35815,4.0
35816,4.0
35817,4.0
35818,4.0
35819,4.0
35820,4.0
35821,4.0
35822,4.0
35823,4.0
35824,4.0
35825,4.0
35826,6.0
35827,4.0
35828,4.0
35829,4.0
35830,4.0
35831,4.0
35832,4.0
35833,6.0
35834,6.0
35835,6.0
35836,4.0
35837,6.0
35838,6.0
35839,4.0
35840,6.0
35841,4.0
35842,4.0
35843,4.0
35844,4.0
35845,6.0
35846,6.0
35847,6.0
35848,6.0
35849,6.0
35850,4.0
35851,4.0
35852,4.0
35853,5.0
35854,4.0
35855,9.0
35856,6.0
35857,5.0
35858,6.0
35859,8.0
35860,6.0
35861,5.0
35862,10.0
35863,5.0
35864,4.0
35865,5.0
35866,4.0
35867,4.0
35868,4.0
35869,4.0
35870,4.0
35871,5.0
35872,4.0
35873,4.0
35874,4.0
35875,5.0
35876,4.0
35877,4.0
35878,6.0
35879,6.0
35880,6.0
35881,5.0
35882,4.0
35883,5.0
35884,8.0
35885,5.0
35886,5.0
35887,4.0
35888,6.0
35889,7.0
35890,4.0
35891,4.0
35892,4.0
35893,4.0
35894,4.0
35895,4.0
35896,4.0
35897,4.0
35898,5.0
35899,5.0
35900,12.0
35901,4.0
35902,6.0
35903,5.0
35904,5.0
35905,5.0
35906,6.0
35907,6.0
35908,6.0
35909,4.0
35910,5.0
35911,4.0
35912,4.0
35913,4.0
35914,4.0
35915,5.0
35916,4.0
35917,7.0
35918,4.0
35919,4.0
35920,4.0
35921,5.0
35922,4.0
35923,4.0
35924,4.0
35925,4.0
35926,4.0
35927,4.0
35928,4.0
35929,4.0
35930,4.0
35931,4.0
35932,4.0
35933,4.0
35934,4.0
35935,4.0
35936,4.0
35937,4.0
35938,4.0
35939,4.0
35940,4.0
35941,5.0
35942,5.0
35943,4.0
35944,5.0
35945,5.0
35946,4.0
35947,5.0
35948,4.0
35949,4.0
35950,4.0
35951,4.0
35952,4.0
35953,4.0
35954,4.0
35955,4.0
35956,5.0
35957,5.0
35958,4.0
35959,4.0
35960,4.0
35961,5.0
35962,7.0
35963,4.0
35964,5.0
35965,6.0
35966,4.0
35967,4.0
35968,5.0
35969,5.0
35970,5.0
35971,5.0
35972,5.0
35973,4.0
35974,5.0
35975,5.0
35976,5.0
35977,4.0
35978,5.0
35979,4.0
35980,6.0
35981,5.0
35982,5.0
35983,5.0
35984,4.0
35985,4.0
35986,4.0
35987,5.0
35988,5.0
35989,4.0
35990,4.0
35991,5.0
35992,5.0
35993,5.0
35994,5.0
35995,4.0
35996,5.0
35997,5.0
35998,4.0
35999,4.0
36000,4.0
36001,4.0
36002,6.0
36003,5.0
36004,6.0
36005,5.0
36006,5.0
36007,5.0
36008,6.0
36009,4.0
36010,6.0
36011,6.0
36012,6.0
36013,4.0
36014,5.0
36015,6.0
36016,5.0
36017,5.0
36018,6.0
36019,6.0
36020,5.0
36021,5.0
36022,5.0
36023,5.0
36024,5.0
36025,6.0
36026,5.0
36027,5.0
36028,6.0
36029,5.0
36030,6.0
36031,5.0
36032,4.0
36033,4.0
36034,5.0
36035,5.0
36036,5.0
36037,5.0
36038,5.0
36039,5.0
36040,5.0
36041,5.0
36042,6.0
36043,6.0
36044,5.0
36045,5.0
36046,6.0
36047,6.0
36048,6.0
36049,6.0
36050,6.0
36051,5.0
36052,5.0
36053,6.0
36054,6.0
36055,6.0
36056,6.0
36057,19.0
36058,6.0
36059,7.0
36060,7.0
36061,7.0
36062,7.0
36063,6.0
36064,6.0
36065,6.0
36066,5.0
36067,4.0
36068,4.0
36069,4.0
36070,4.0
36071,4.0
36072,4.0
36073,4.0
36074,4.0
36075,4.0
36076,4.0
36077,4.0
36078,4.0
36079,4.0
36080,4.0
36081,4.0
36082,4.0
36083,4.0
36084,4.0
36085,4.0
36086,4.0
36087,4.0
36088,5.0
36089,4.0
36090,4.0
36091,4.0
36092,4.0
36093,4.0
36094,4.0
36095,4.0
36096,4.0
36097,4.0
36098,4.0
36099,4.0
36100,4.0
36101,4.0
36102,4.0
36103,4.0
36104,4.0
36105,4.0
36106,4.0
36107,4.0
36108,4.0
36109,4.0
36110,4.0
36111,4.0
36112,4.0
36113,4.0
36114,6.0
36115,6.0
36116,4.0
36117,4.0
36118,4.0
36119,4.0
36120,4.0
36121,4.0
36122,4.0
36123,4.0
36124,4.0
36125,4.0
36126,6.0
36127,4.0
36128,4.0
36129,4.0
36130,4.0
36131,4.0
36132,6.0
36133,5.0
36134,4.0
36135,4.0
36136,6.0
36137,5.0
36138,4.0
36139,4.0
36140,6.0
36141,6.0
36142,7.0
36143,4.0
36144,4.0
36145,6.0
36146,4.0
36147,4.0
36148,4.0
36149,6.0
36150,6.0
36151,6.0
36152,4.0
36153,7.0
36154,6.0
36155,7.0
36156,6.0
36157,5.0
36158,6.0
36159,6.0
36160,6.0
36161,7.0
36162,5.0
36163,4.0
36164,6.0
36165,5.0
36166,7.0
36167,6.0
36168,6.0
36169,5.0
36170,4.0
36171,4.0
36172,4.0
36173,5.0
36174,5.0
36175,4.0
36176,4.0
36177,4.0
36178,4.0
36179,8.0
36180,5.0
36181,6.0
36182,6.0
36183,4.0
36184,6.0
36185,6.0
36186,5.0
36187,5.0
36188,4.0
36189,4.0
36190,4.0
36191,4.0
36192,4.0
36193,4.0
36194,5.0
36195,5.0
36196,4.0
36197,5.0
36198,5.0
36199,5.0
36200,4.0
36201,4.0
36202,19.0
36203,5.0
36204,5.0
36205,5.0
36206,5.0
36207,5.0
36208,5.0
36209,5.0
36210,6.0
36211,5.0
36212,5.0
36213,4.0
36214,4.0
36215,4.0
36216,5.0
36217,4.0
36218,4.0
36219,5.0
36220,4.0
36221,5.0
36222,4.0
36223,4.0
36224,5.0
36225,4.0
36226,4.0
36227,4.0
36228,4.0
36229,4.0
36230,4.0
36231,4.0
36232,4.0
36233,4.0
36234,4.0
36235,4.0
36236,4.0
36237,4.0
36238,4.0
36239,4.0
36240,4.0
36241,4.0
36242,4.0
36243,4.0
36244,4.0
36245,4.0
36246,4.0
36247,4.0
36248,4.0
36249,4.0
36250,5.0
36251,5.0
36252,5.0
36253,5.0
36254,5.0
36255,4.0
36256,4.0
36257,4.0
36258,4.0
36259,4.0
36260,5.0
36261,4.0
36262,4.0
36263,6.0
36264,6.0
36265,4.0
36266,4.0
36267,4.0
36268,4.0
36269,4.0
36270,4.0
36271,4.0
36272,4.0
36273,4.0
36274,4.0
36275,5.0
36276,4.0
36277,5.0
36278,5.0
36279,5.0
36280,4.0
36281,4.0
36282,5.0
36283,5.0
36284,4.0
36285,4.0
36286,4.0
36287,4.0
36288,4.0
36289,5.0
36290,5.0
36291,4.0
36292,4.0
36293,5.0
36294,4.0
36295,4.0
36296,4.0
36297,4.0
36298,4.0
36299,5.0
36300,4.0
36301,5.0
36302,5.0
36303,4.0
36304,5.0
36305,5.0
36306,5.0
36307,5.0
36308,4.0
36309,5.0
36310,5.0
36311,5.0
36312,5.0
36313,5.0
36314,5.0
36315,5.0
36316,5.0
36317,4.0
36318,4.0
36319,4.0
36320,5.0
36321,6.0
36322,5.0
36323,4.0
36324,4.0
36325,4.0
36326,4.0
36327,5.0
36328,5.0
36329,5.0
36330,4.0
36331,5.0
36332,5.0
36333,5.0
36334,21.0
36335,6.0
36336,6.0
36337,5.0
36338,6.0
36339,6.0
36340,5.0
36341,4.0
36342,4.0
36343,5.0
36344,4.0
36345,5.0
36346,5.0
36347,4.0
36348,6.0
36349,10.0
36350,5.0
36351,5.0
36352,4.0
36353,5.0
36354,4.0
36355,5.0
36356,5.0
36357,5.0
36358,5.0
36359,5.0
36360,5.0
36361,5.0
36362,5.0
36363,5.0
36364,5.0
36365,5.0
36366,5.0
36367,5.0
36368,5.0
36369,5.0
36370,5.0
36371,5.0
36372,5.0
36373,5.0
36374,5.0
36375,4.0
36376,5.0
36377,6.0
36378,5.0
36379,4.0
36380,5.0
36381,5.0
36382,6.0
36383,6.0
36384,5.0
36385,6.0
36386,9.0
36387,7.0
36388,6.0
36389,7.0
36390,6.0
36391,6.0
36392,7.0
36393,7.0
36394,6.0
36395,5.0
36396,4.0
36397,4.0
36398,4.0
36399,6.0
36400,4.0
36401,4.0
36402,4.0
36403,4.0
36404,4.0
36405,4.0
36406,4.0
36407,4.0
36408,4.0
36409,4.0
36410,4.0
36411,4.0
36412,4.0
36413,4.0
36414,4.0
36415,5.0
36416,4.0
36417,4.0
36418,4.0
36419,4.0
36420,4.0
36421,4.0
36422,4.0
36423,4.0
36424,4.0
36425,4.0
36426,4.0
36427,5.0
36428,4.0
36429,4.0
36430,4.0
36431,4.0
36432,6.0
36433,4.0
36434,6.0
36435,4.0
36436,4.0
36437,4.0
36438,4.0
36439,4.0
36440,4.0
36441,4.0
36442,4.0
36443,4.0
36444,4.0
36445,4.0
36446,4.0
36447,4.0
36448,6.0
36449,4.0
36450,4.0
36451,7.0
36452,6.0
36453,4.0
36454,6.0
36455,4.0
36456,4.0
36457,4.0
36458,4.0
36459,7.0
36460,7.0
36461,4.0
36462,4.0
36463,6.0
36464,6.0
36465,6.0
36466,4.0
36467,11.0
36468,4.0
36469,4.0
36470,6.0
36471,6.0
36472,6.0
36473,4.0
36474,7.0
36475,6.0
36476,7.0
36477,6.0
36478,6.0
36479,6.0
36480,6.0
36481,5.0
36482,4.0
36483,5.0
36484,5.0
36485,4.0
36486,4.0
36487,4.0
36488,4.0
36489,4.0
36490,4.0
36491,4.0
36492,4.0
36493,4.0
36494,6.0
36495,6.0
36496,4.0
36497,4.0
36498,4.0
36499,4.0
36500,4.0
36501,4.0
36502,4.0
36503,5.0
36504,4.0
36505,5.0
36506,4.0
36507,4.0
36508,4.0
36509,5.0
36510,6.0
36511,5.0
36512,5.0
36513,6.0
36514,4.0
36515,6.0
36516,5.0
36517,7.0
36518,5.0
36519,5.0
36520,5.0
36521,6.0
36522,4.0
36523,5.0
36524,6.0
36525,5.0
36526,6.0
36527,5.0
36528,4.0
36529,4.0
36530,4.0
36531,4.0
36532,4.0
36533,4.0
36534,4.0
36535,4.0
36536,5.0
36537,5.0
36538,6.0
36539,5.0
36540,5.0
36541,5.0
36542,4.0
36543,4.0
36544,4.0
36545,4.0
36546,4.0
36547,4.0
36548,4.0
36549,4.0
36550,4.0
36551,4.0
36552,4.0
36553,4.0
36554,4.0
36555,5.0
36556,5.0
36557,5.0
36558,5.0
36559,5.0
36560,4.0
36561,4.0
36562,4.0
36563,4.0
36564,5.0
36565,5.0
36566,5.0
36567,4.0
36568,4.0
36569,4.0
36570,4.0
36571,4.0
36572,4.0
36573,5.0
36574,4.0
36575,4.0
36576,4.0
36577,4.0
36578,4.0
36579,4.0
36580,4.0
36581,4.0
36582,4.0
36583,4.0
36584,4.0
36585,4.0
36586,4.0
36587,4.0
36588,4.0
36589,5.0
36590,5.0
36591,5.0
36592,5.0
36593,4.0
36594,4.0
36595,5.0
36596,5.0
36597,5.0
36598,5.0
36599,5.0
36600,4.0
36601,4.0
36602,4.0
36603,4.0
36604,5.0
36605,4.0
36606,5.0
36607,5.0
36608,4.0
36609,4.0
36610,5.0
36611,5.0
36612,4.0
36613,7.0
36614,6.0
36615,5.0
36616,4.0
36617,4.0
36618,4.0
36619,4.0
36620,4.0
36621,4.0
36622,4.0
36623,4.0
36624,4.0
36625,5.0
36626,5.0
36627,5.0
36628,5.0
36629,4.0
36630,5.0
36631,5.0
36632,6.0
36633,4.0
36634,4.0
36635,5.0
36636,5.0
36637,5.0
36638,5.0
36639,4.0
